{
    "epoch": 2.9333333333333336,
    "eval_logits/chosen": -0.19335807859897614,
    "eval_logits/rejected": -0.1005731150507927,
    "eval_logps/chosen": -420.3204650878906,
    "eval_logps/rejected": -395.7879638671875,
    "eval_loss": 0.6638883948326111,
    "eval_rewards/accuracies": 0.6333333849906921,
    "eval_rewards/chosen": 0.03137557581067085,
    "eval_rewards/margins": 0.06539382040500641,
    "eval_rewards/rejected": -0.03401824086904526,
    "eval_runtime": 10.2826,
    "eval_samples_per_second": 2.918,
    "eval_steps_per_second": 2.918,
    "total_flos": 4.676941095292109e+16,
    "train_loss": 0.6606604450880879,
    "train_runtime": 621.4865,
    "train_samples_per_second": 1.303,
    "train_steps_per_second": 0.159
}