{
    "epoch": 2.9333333333333336,
    "total_flos": 4.676941095292109e+16,
    "train_loss": 0.6606604450880879,
    "train_runtime": 621.4865,
    "train_samples_per_second": 1.303,
    "train_steps_per_second": 0.159
}