{
    "epoch": 2.9333333333333336,
    "total_flos": 4.676941095292109e+16,
    "train_loss": 0.6666633673388549,
    "train_runtime": 629.0792,
    "train_samples_per_second": 1.288,
    "train_steps_per_second": 0.157
}