{
  "best_metric": null,
  "best_model_checkpoint": null,
  "epoch": 2.9333333333333336,
  "eval_steps": 500,
  "global_step": 99,
  "is_hyper_param_search": false,
  "is_local_process_zero": true,
  "is_world_process_zero": true,
  "log_history": [
    {
      "epoch": 0.2962962962962963,
      "grad_norm": 8.027216911315918,
      "learning_rate": 5e-06,
      "logits/chosen": -0.08604785054922104,
      "logits/rejected": -0.1401025950908661,
      "logps/chosen": -354.97119140625,
      "logps/rejected": -396.7007141113281,
      "loss": 0.687,
      "rewards/accuracies": 0.4625000059604645,
      "rewards/chosen": 0.012774810194969177,
      "rewards/confidence": 0.029050176963210106,
      "rewards/confidence_mean_diff": -0.029050176963210106,
      "rewards/confidence_moving_diff": -0.0009579565958119929,
      "rewards/margins": 0.014319437555968761,
      "rewards/mix_margin": 0.0016317606205120683,
      "rewards/real_percentage": 96.51612854003906,
      "rewards/rejected": -0.0015446291072294116,
      "step": 10
    },
    {
      "epoch": 0.5925925925925926,
      "grad_norm": 8.986824989318848,
      "learning_rate": 4.845859908808074e-06,
      "logits/chosen": -0.1070203110575676,
      "logits/rejected": -0.051180191338062286,
      "logps/chosen": -392.8217468261719,
      "logps/rejected": -431.0779724121094,
      "loss": 0.6873,
      "rewards/accuracies": 0.574999988079071,
      "rewards/chosen": 0.005114791449159384,
      "rewards/confidence": 0.025841886177659035,
      "rewards/confidence_mean_diff": -0.025841886177659035,
      "rewards/confidence_moving_diff": 0.00011569976777536795,
      "rewards/margins": 0.01410666387528181,
      "rewards/mix_margin": 0.0016515277093276381,
      "rewards/real_percentage": 94.32500457763672,
      "rewards/rejected": -0.008991873823106289,
      "step": 20
    },
    {
      "epoch": 0.8888888888888888,
      "grad_norm": 5.189992904663086,
      "learning_rate": 4.4024469694024194e-06,
      "logits/chosen": -0.09133127331733704,
      "logits/rejected": -0.10229972749948502,
      "logps/chosen": -364.4281921386719,
      "logps/rejected": -373.5067138671875,
      "loss": 0.68,
      "rewards/accuracies": 0.675000011920929,
      "rewards/chosen": 0.020055776461958885,
      "rewards/confidence": 0.024988261982798576,
      "rewards/confidence_mean_diff": -0.024988261982798576,
      "rewards/confidence_moving_diff": -0.0001051330691552721,
      "rewards/margins": 0.03283006325364113,
      "rewards/mix_margin": 0.004046142101287842,
      "rewards/real_percentage": 96.67500305175781,
      "rewards/rejected": -0.012774287723004818,
      "step": 30
    },
    {
      "epoch": 1.1851851851851851,
      "grad_norm": 6.8094964027404785,
      "learning_rate": 3.7244393505155713e-06,
      "logits/chosen": -0.05277160555124283,
      "logits/rejected": -0.0822305902838707,
      "logps/chosen": -341.64263916015625,
      "logps/rejected": -443.6317443847656,
      "loss": 0.6832,
      "rewards/accuracies": 0.550000011920929,
      "rewards/chosen": 0.021341701969504356,
      "rewards/confidence": 0.030556583777070045,
      "rewards/confidence_mean_diff": -0.030556583777070045,
      "rewards/confidence_moving_diff": -0.00016410830721724778,
      "rewards/margins": 0.02496407926082611,
      "rewards/mix_margin": 0.0027749561704695225,
      "rewards/real_percentage": 96.67500305175781,
      "rewards/rejected": -0.003622377058491111,
      "step": 40
    },
    {
      "epoch": 1.4814814814814814,
      "grad_norm": 7.05122184753418,
      "learning_rate": 2.8954435771107604e-06,
      "logits/chosen": -0.16487930715084076,
      "logits/rejected": -0.08908921480178833,
      "logps/chosen": -398.7697448730469,
      "logps/rejected": -388.8875427246094,
      "loss": 0.6624,
      "rewards/accuracies": 0.737500011920929,
      "rewards/chosen": 0.05834967643022537,
      "rewards/confidence": 0.04980301111936569,
      "rewards/confidence_mean_diff": -0.04980301111936569,
      "rewards/confidence_moving_diff": -3.0689221603097394e-05,
      "rewards/margins": 0.0820155143737793,
      "rewards/mix_margin": 0.010332255624234676,
      "rewards/real_percentage": 95.5,
      "rewards/rejected": -0.023665837943553925,
      "step": 50
    },
    {
      "epoch": 1.7777777777777777,
      "grad_norm": 6.6606364250183105,
      "learning_rate": 2.017684836476258e-06,
      "logits/chosen": -0.13658033311367035,
      "logits/rejected": -0.18524667620658875,
      "logps/chosen": -389.3371887207031,
      "logps/rejected": -427.8333435058594,
      "loss": 0.6571,
      "rewards/accuracies": 0.737500011920929,
      "rewards/chosen": 0.05415373668074608,
      "rewards/confidence": 0.05221477895975113,
      "rewards/confidence_mean_diff": -0.05221477895975113,
      "rewards/confidence_moving_diff": -0.00012843134754803032,
      "rewards/margins": 0.09677531570196152,
      "rewards/mix_margin": 0.011952543631196022,
      "rewards/real_percentage": 97.95000457763672,
      "rewards/rejected": -0.04262157529592514,
      "step": 60
    },
    {
      "epoch": 2.074074074074074,
      "grad_norm": 7.267144680023193,
      "learning_rate": 1.1994013784727948e-06,
      "logits/chosen": -0.017245205119252205,
      "logits/rejected": -0.08057522773742676,
      "logps/chosen": -373.9386291503906,
      "logps/rejected": -378.8553771972656,
      "loss": 0.6579,
      "rewards/accuracies": 0.7750000357627869,
      "rewards/chosen": 0.06322354823350906,
      "rewards/confidence": 0.05237946659326553,
      "rewards/confidence_mean_diff": -0.05237946659326553,
      "rewards/confidence_moving_diff": -2.9764138162136078e-05,
      "rewards/margins": 0.09359387308359146,
      "rewards/mix_margin": 0.011590543203055859,
      "rewards/real_percentage": 96.7249984741211,
      "rewards/rejected": -0.030370324850082397,
      "step": 70
    },
    {
      "epoch": 2.3703703703703702,
      "grad_norm": 6.258936405181885,
      "learning_rate": 5.414974325703687e-07,
      "logits/chosen": -0.13580137491226196,
      "logits/rejected": -0.14163361489772797,
      "logps/chosen": -366.715087890625,
      "logps/rejected": -415.3232421875,
      "loss": 0.6446,
      "rewards/accuracies": 0.762499988079071,
      "rewards/chosen": 0.09259053319692612,
      "rewards/confidence": 0.05918245390057564,
      "rewards/confidence_mean_diff": -0.05918245390057564,
      "rewards/confidence_moving_diff": -0.00024915693211369216,
      "rewards/margins": 0.12851965427398682,
      "rewards/mix_margin": 0.01587778329849243,
      "rewards/real_percentage": 96.67500305175781,
      "rewards/rejected": -0.0359291136264801,
      "step": 80
    },
    {
      "epoch": 2.6666666666666665,
      "grad_norm": 6.358922481536865,
      "learning_rate": 1.2510049814252302e-07,
      "logits/chosen": -0.07875833660364151,
      "logits/rejected": -0.0813085287809372,
      "logps/chosen": -350.4458923339844,
      "logps/rejected": -401.5095520019531,
      "loss": 0.6565,
      "rewards/accuracies": 0.675000011920929,
      "rewards/chosen": 0.06021186336874962,
      "rewards/confidence": 0.06776833534240723,
      "rewards/confidence_mean_diff": -0.06776833534240723,
      "rewards/confidence_moving_diff": -9.798054088605568e-05,
      "rewards/margins": 0.10045220702886581,
      "rewards/mix_margin": 0.012274025939404964,
      "rewards/real_percentage": 96.7249984741211,
      "rewards/rejected": -0.04024035483598709,
      "step": 90
    }
  ],
  "logging_steps": 10,
  "max_steps": 99,
  "num_input_tokens_seen": 0,
  "num_train_epochs": 3,
  "save_steps": 500,
  "stateful_callbacks": {
    "TrainerControl": {
      "args": {
        "should_epoch_stop": false,
        "should_evaluate": false,
        "should_log": false,
        "should_save": true,
        "should_training_stop": true
      },
      "attributes": {}
    }
  },
  "total_flos": 4.676941095292109e+16,
  "train_batch_size": 1,