{
    "epoch": 2.9333333333333336,
    "eval_logits/chosen": -0.19322192668914795,
    "eval_logits/rejected": -0.10130777209997177,
    "eval_logps/chosen": -420.3642883300781,
    "eval_logps/rejected": -395.7857666015625,
    "eval_loss": 0.6708570122718811,
    "eval_rewards/accuracies": 0.6666666865348816,
    "eval_rewards/chosen": 0.026993168517947197,
    "eval_rewards/margins": 0.06078779324889183,
    "eval_rewards/mix_margin": 0.015260265208780766,
    "eval_rewards/rejected": -0.03379463031888008,
    "eval_runtime": 10.587,
    "eval_samples_per_second": 2.834,
    "eval_steps_per_second": 2.834,
    "total_flos": 4.676941095292109e+16,
    "train_loss": 0.6690089437696669,
    "train_runtime": 630.9175,
    "train_samples_per_second": 1.284,
    "train_steps_per_second": 0.157
}