{
  "best_metric": null,
  "best_model_checkpoint": null,
  "epoch": 2.9333333333333336,
  "eval_steps": 500,
  "global_step": 99,
  "is_hyper_param_search": false,
  "is_local_process_zero": true,
  "is_world_process_zero": true,
  "log_history": [
    {
      "epoch": 0.2962962962962963,
      "grad_norm": 8.03087043762207,
      "learning_rate": 5e-06,
      "logits/chosen": -0.08630462735891342,
      "logits/rejected": -0.1397293508052826,
      "logps/chosen": -355.0281066894531,
      "logps/rejected": -396.580810546875,
      "loss": 0.6959,
      "rewards/accuracies": 0.375,
      "rewards/chosen": 0.007082343101501465,
      "rewards/confidence": 0.057823702692985535,
      "rewards/confidence_mean_diff": -0.057823702692985535,
      "rewards/confidence_moving_diff": -0.0015956631395965815,
      "rewards/margins": -0.0033606865908950567,
      "rewards/mix_margin": -0.001057941815815866,
      "rewards/real_percentage": 93.61289978027344,
      "rewards/rejected": 0.01044302899390459,
      "step": 10
    },
    {
      "epoch": 0.5925925925925926,
      "grad_norm": 8.704534530639648,
      "learning_rate": 4.845859908808074e-06,
      "logits/chosen": -0.10736227035522461,
      "logits/rejected": -0.05117161199450493,
      "logps/chosen": -392.8692626953125,
      "logps/rejected": -430.9958190917969,
      "loss": 0.6938,
      "rewards/accuracies": 0.5375000238418579,
      "rewards/chosen": 0.0003603681980166584,
      "rewards/confidence": 0.05103187635540962,
      "rewards/confidence_mean_diff": -0.05103187635540962,
      "rewards/confidence_moving_diff": -0.00017243866750504822,
      "rewards/margins": 0.0011400647927075624,
      "rewards/mix_margin": 4.3247826397418976e-05,
      "rewards/real_percentage": 96.70000457763672,
      "rewards/rejected": -0.000779696914833039,
      "step": 20
    },
    {
      "epoch": 0.8888888888888888,
      "grad_norm": 5.061671733856201,
      "learning_rate": 4.4024469694024194e-06,
      "logits/chosen": -0.091362364590168,
      "logits/rejected": -0.1022898480296135,
      "logps/chosen": -364.4867248535156,
      "logps/rejected": -373.601806640625,
      "loss": 0.6792,
      "rewards/accuracies": 0.699999988079071,
      "rewards/chosen": 0.014201206155121326,
      "rewards/confidence": 0.055923666805028915,
      "rewards/confidence_mean_diff": -0.055923666805028915,
      "rewards/confidence_moving_diff": 0.00021602632477879524,
      "rewards/margins": 0.03648298978805542,
      "rewards/mix_margin": 0.00902155227959156,
      "rewards/real_percentage": 95.5250015258789,
      "rewards/rejected": -0.022281786426901817,
      "step": 30
    },
    {
      "epoch": 1.1851851851851851,
      "grad_norm": 6.99622917175293,
      "learning_rate": 3.7244393505155713e-06,
      "logits/chosen": -0.053325533866882324,
      "logits/rejected": -0.08265697211027145,
      "logps/chosen": -341.6629943847656,
      "logps/rejected": -443.63018798828125,
      "loss": 0.6843,
      "rewards/accuracies": 0.699999988079071,
      "rewards/chosen": 0.019306601956486702,
      "rewards/confidence": 0.04755682870745659,
      "rewards/confidence_mean_diff": -0.04755682870745659,
      "rewards/confidence_moving_diff": -0.0002063656284008175,
      "rewards/margins": 0.02277800254523754,
      "rewards/mix_margin": 0.005129738245159388,
      "rewards/real_percentage": 95.4749984741211,
      "rewards/rejected": -0.0034714010544121265,
      "step": 40
    },
    {
      "epoch": 1.4814814814814814,
      "grad_norm": 7.1775312423706055,
      "learning_rate": 2.8954435771107604e-06,
      "logits/chosen": -0.16495443880558014,
      "logits/rejected": -0.08949077129364014,
      "logps/chosen": -398.6983337402344,
      "logps/rejected": -388.88385009765625,
      "loss": 0.6591,
      "rewards/accuracies": 0.762499988079071,
      "rewards/chosen": 0.06549043953418732,
      "rewards/confidence": 0.09653053432703018,
      "rewards/confidence_mean_diff": -0.09653053432703018,
      "rewards/confidence_moving_diff": -0.000502090435475111,
      "rewards/margins": 0.0887841209769249,
      "rewards/mix_margin": 0.02229500748217106,
      "rewards/real_percentage": 96.67500305175781,
      "rewards/rejected": -0.023293687030673027,
      "step": 50
    },
    {
      "epoch": 1.7777777777777777,
      "grad_norm": 6.754153251647949,
      "learning_rate": 2.017684836476258e-06,
      "logits/chosen": -0.1369503140449524,
      "logits/rejected": -0.18542473018169403,
      "logps/chosen": -389.349853515625,
      "logps/rejected": -427.6669921875,
      "loss": 0.664,
      "rewards/accuracies": 0.7125000357627869,
      "rewards/chosen": 0.05288879945874214,
      "rewards/confidence": 0.09389868378639221,
      "rewards/confidence_mean_diff": -0.09389868378639221,
      "rewards/confidence_moving_diff": 0.0001284218451473862,
      "rewards/margins": 0.07887226343154907,
      "rewards/mix_margin": 0.019443899393081665,
      "rewards/real_percentage": 96.75,
      "rewards/rejected": -0.025983473286032677,
      "step": 60
    },
    {
      "epoch": 2.074074074074074,
      "grad_norm": 7.3832502365112305,
      "learning_rate": 1.1994013784727948e-06,
      "logits/chosen": -0.017308689653873444,
      "logits/rejected": -0.08061634749174118,
      "logps/chosen": -373.90728759765625,
      "logps/rejected": -378.89971923828125,
      "loss": 0.6548,
      "rewards/accuracies": 0.8125,
      "rewards/chosen": 0.06636133790016174,
      "rewards/confidence": 0.11397299915552139,
      "rewards/confidence_mean_diff": -0.11397299915552139,
      "rewards/confidence_moving_diff": -0.0005228234804235399,
      "rewards/margins": 0.10116682201623917,
      "rewards/mix_margin": 0.025056565180420876,
      "rewards/real_percentage": 96.70000457763672,
      "rewards/rejected": -0.03480548411607742,
      "step": 70
    },
    {
      "epoch": 2.3703703703703702,
      "grad_norm": 6.573922634124756,
      "learning_rate": 5.414974325703687e-07,
      "logits/chosen": -0.13519512116909027,
      "logits/rejected": -0.1411246508359909,
      "logps/chosen": -366.7324523925781,
      "logps/rejected": -415.1722717285156,
      "loss": 0.6519,
      "rewards/accuracies": 0.75,
      "rewards/chosen": 0.09085751324892044,
      "rewards/confidence": 0.12244435399770737,
      "rewards/confidence_mean_diff": -0.12244435399770737,
      "rewards/confidence_moving_diff": 0.0001799202582333237,
      "rewards/margins": 0.11168675869703293,
      "rewards/mix_margin": 0.027648156508803368,
      "rewards/real_percentage": 96.7249984741211,
      "rewards/rejected": -0.02082923613488674,
      "step": 80
    },
    {
      "epoch": 2.6666666666666665,
      "grad_norm": 6.4745588302612305,
      "learning_rate": 1.2510049814252302e-07,
      "logits/chosen": -0.07831721752882004,
      "logits/rejected": -0.08126964420080185,
      "logps/chosen": -350.4683532714844,
      "logps/rejected": -401.42510986328125,
      "loss": 0.6599,
      "rewards/accuracies": 0.737500011920929,
      "rewards/chosen": 0.05796344205737114,
      "rewards/confidence": 0.11452080309391022,
      "rewards/confidence_mean_diff": -0.11452080309391022,
      "rewards/confidence_moving_diff": -0.0004974556504748762,
      "rewards/margins": 0.08975998312234879,
      "rewards/mix_margin": 0.021901121363043785,
      "rewards/real_percentage": 95.4749984741211,
      "rewards/rejected": -0.031796541064977646,
      "step": 90
    },
    {
      "epoch": 2.9333333333333336,
      "step": 99,
      "total_flos": 4.676941095292109e+16,
      "train_loss": 0.6690089437696669,
      "train_runtime": 630.9175,
      "train_samples_per_second": 1.284,
      "train_steps_per_second": 0.157
    }
  ],
  "logging_steps": 10,
  "max_steps": 99,
  "num_input_tokens_seen": 0,
  "num_train_epochs": 3,
  "save_steps": 500,
  "stateful_callbacks": {
    "TrainerControl": {
      "args": {
        "should_epoch_stop": false,