{
  "best_metric": null,
  "best_model_checkpoint": null,
  "epoch": 2.9333333333333336,
  "eval_steps": 500,
  "global_step": 99,
  "is_hyper_param_search": false,
  "is_local_process_zero": true,
  "is_world_process_zero": true,
  "log_history": [
    {
      "epoch": 0.2962962962962963,
      "grad_norm": 7.91019868850708,
      "learning_rate": 5e-06,
      "logits/chosen": -0.08597394078969955,
      "logits/rejected": -0.13995997607707977,
      "logps/chosen": -354.9690856933594,
      "logps/rejected": -396.6512756347656,
      "loss": 0.6892,
      "rewards/accuracies": 0.4000000059604645,
      "rewards/chosen": 0.012982313521206379,
      "rewards/confidence": 0.150882750749588,
      "rewards/confidence_mean_diff": -0.150882750749588,
      "rewards/confidence_moving_diff": -0.004907127935439348,
      "rewards/margins": 0.009586247615516186,
      "rewards/mix_margin": 0.00691542774438858,
      "rewards/real_percentage": 96.70967102050781,
      "rewards/rejected": 0.003396064043045044,
      "step": 10
    },
    {
      "epoch": 0.5925925925925926,
      "grad_norm": 8.78921127319336,
      "learning_rate": 4.845859908808074e-06,
      "logits/chosen": -0.10714318603277206,
      "logits/rejected": -0.05114350467920303,
      "logps/chosen": -392.86090087890625,
      "logps/rejected": -431.0500183105469,
      "loss": 0.6905,
      "rewards/accuracies": 0.4749999940395355,
      "rewards/chosen": 0.0011971447383984923,
      "rewards/confidence": 0.16642235219478607,
      "rewards/confidence_mean_diff": -0.16642235219478607,
      "rewards/confidence_moving_diff": 7.826816727174446e-05,
      "rewards/margins": 0.007394896354526281,
      "rewards/mix_margin": 0.005403784103691578,
      "rewards/real_percentage": 96.7249984741211,
      "rewards/rejected": -0.006197751499712467,
      "step": 20
    },
    {
      "epoch": 0.8888888888888888,
      "grad_norm": 5.167910575866699,
      "learning_rate": 4.4024469694024194e-06,
      "logits/chosen": -0.09113842248916626,
      "logits/rejected": -0.10228760540485382,
      "logps/chosen": -364.47210693359375,
      "logps/rejected": -373.3522644042969,
      "loss": 0.6882,
      "rewards/accuracies": 0.5625,
      "rewards/chosen": 0.015664929524064064,
      "rewards/confidence": 0.17598913609981537,
      "rewards/confidence_mean_diff": -0.17598913609981537,
      "rewards/confidence_moving_diff": -0.0008023547125048935,
      "rewards/margins": 0.012991010211408138,
      "rewards/mix_margin": 0.009612994268536568,
      "rewards/real_percentage": 96.70000457763672,
      "rewards/rejected": 0.002673921873793006,
      "step": 30
    },
    {
      "epoch": 1.1851851851851851,
      "grad_norm": 6.727253437042236,
      "learning_rate": 3.7244393505155713e-06,
      "logits/chosen": -0.05268729478120804,
      "logits/rejected": -0.08196078985929489,
      "logps/chosen": -341.56060791015625,
      "logps/rejected": -443.7098083496094,
      "loss": 0.6777,
      "rewards/accuracies": 0.675000011920929,
      "rewards/chosen": 0.029549092054367065,
      "rewards/confidence": 0.20091381669044495,
      "rewards/confidence_mean_diff": -0.20091381669044495,
      "rewards/confidence_moving_diff": -0.0004122735990677029,
      "rewards/margins": 0.04097985848784447,
      "rewards/mix_margin": 0.030138084664940834,
      "rewards/real_percentage": 96.7249984741211,
      "rewards/rejected": -0.01143075991421938,
      "step": 40
    },
    {
      "epoch": 1.4814814814814814,
      "grad_norm": 6.758223533630371,
      "learning_rate": 2.8954435771107604e-06,
      "logits/chosen": -0.16458821296691895,
      "logits/rejected": -0.08892988413572311,
      "logps/chosen": -398.7217712402344,
      "logps/rejected": -388.87750244140625,
      "loss": 0.661,
      "rewards/accuracies": 0.7875000238418579,
      "rewards/chosen": 0.06314302980899811,
      "rewards/confidence": 0.3076649308204651,
      "rewards/confidence_mean_diff": -0.3076649308204651,
      "rewards/confidence_moving_diff": -0.00019461642659734935,
      "rewards/margins": 0.08580164611339569,
      "rewards/mix_margin": 0.06450875103473663,
      "rewards/real_percentage": 96.75,
      "rewards/rejected": -0.022658614441752434,
      "step": 50
    },
    {
      "epoch": 1.7777777777777777,
      "grad_norm": 6.499411106109619,
      "learning_rate": 2.017684836476258e-06,
      "logits/chosen": -0.13637936115264893,
      "logits/rejected": -0.18485672771930695,
      "logps/chosen": -389.3335876464844,
      "logps/rejected": -427.7484436035156,
      "loss": 0.6608,
      "rewards/accuracies": 0.7125000357627869,
      "rewards/chosen": 0.054514896124601364,
      "rewards/confidence": 0.2903040945529938,
      "rewards/confidence_mean_diff": -0.2903040945529938,
      "rewards/confidence_moving_diff": -0.0001702688605291769,
      "rewards/margins": 0.08864574879407883,
      "rewards/mix_margin": 0.06626967340707779,
      "rewards/real_percentage": 95.5250015258789,
      "rewards/rejected": -0.03413085266947746,
      "step": 60
    },
    {
      "epoch": 2.074074074074074,
      "grad_norm": 7.499807357788086,
      "learning_rate": 1.1994013784727948e-06,
      "logits/chosen": -0.016731329262256622,
      "logits/rejected": -0.08083190023899078,
      "logps/chosen": -373.9193420410156,
      "logps/rejected": -378.9756774902344,
      "loss": 0.6535,
      "rewards/accuracies": 0.737500011920929,
      "rewards/chosen": 0.06515559554100037,
      "rewards/confidence": 0.40052828192710876,
      "rewards/confidence_mean_diff": -0.40052828192710876,
      "rewards/confidence_moving_diff": -0.0009858034318313003,
      "rewards/margins": 0.10755820572376251,
      "rewards/mix_margin": 0.0803796574473381,
      "rewards/real_percentage": 96.7249984741211,
      "rewards/rejected": -0.04240260273218155,
      "step": 70
    },
    {
      "epoch": 2.3703703703703702,
      "grad_norm": 6.362730503082275,
      "learning_rate": 5.414974325703687e-07,
      "logits/chosen": -0.13548694550991058,
      "logits/rejected": -0.14138053357601166,
      "logps/chosen": -366.72314453125,
      "logps/rejected": -415.242431640625,
      "loss": 0.648,
      "rewards/accuracies": 0.75,
      "rewards/chosen": 0.09178759902715683,
      "rewards/confidence": 0.3529016077518463,
      "rewards/confidence_mean_diff": -0.3529016077518463,
      "rewards/confidence_moving_diff": -0.0007661633426323533,
      "rewards/margins": 0.11963536590337753,
      "rewards/mix_margin": 0.08945014327764511,
      "rewards/real_percentage": 96.67500305175781,
      "rewards/rejected": -0.027847770601511,
      "step": 80
    },
    {
      "epoch": 2.6666666666666665,
      "grad_norm": 6.41185998916626,
      "learning_rate": 1.2510049814252302e-07,
      "logits/chosen": -0.07813464850187302,
      "logits/rejected": -0.08140706270933151,
      "logps/chosen": -350.4140625,
      "logps/rejected": -401.5419006347656,
      "loss": 0.6536,
      "rewards/accuracies": 0.699999988079071,
      "rewards/chosen": 0.06339012831449509,
      "rewards/confidence": 0.39092907309532166,
      "rewards/confidence_mean_diff": -0.39092907309532166,
      "rewards/confidence_moving_diff": -0.0007999606314115226,
      "rewards/margins": 0.10686343163251877,
      "rewards/mix_margin": 0.07955514639616013,
      "rewards/real_percentage": 96.70000457763672,
      "rewards/rejected": -0.043473292142152786,
      "step": 90
    }
  ],
  "logging_steps": 10,
  "max_steps": 99,
  "num_input_tokens_seen": 0,
  "num_train_epochs": 3,
  "save_steps": 500,
  "stateful_callbacks": {
    "TrainerControl": {
      "args": {
        "should_epoch_stop": false,
        "should_evaluate": false,
        "should_log": false,
        "should_save": true,
        "should_training_stop": true
      },
      "attributes": {}
    }
  },
  "total_flos": 4.676941095292109e+16,
  "train_batch_size": 1,
  "trial_name": null,
  "trial_params": null
}
