{
    "epoch": 2.9333333333333336,
    "total_flos": 4.676941095292109e+16,
    "train_loss": 0.6682915639395666,
    "train_runtime": 630.1264,
    "train_samples_per_second": 1.285,
    "train_steps_per_second": 0.157
}