{
  "best_metric": null,
  "best_model_checkpoint": null,
  "epoch": 2.9333333333333336,
  "eval_steps": 500,
  "global_step": 99,
  "is_hyper_param_search": false,
  "is_local_process_zero": true,
  "is_world_process_zero": true,
  "log_history": [
    {
      "epoch": 0.2962962962962963,
      "grad_norm": 7.891666889190674,
      "learning_rate": 5e-06,
      "logits/chosen": -0.08608730137348175,
      "logits/rejected": -0.1397770494222641,
      "logps/chosen": -355.0009765625,
      "logps/rejected": -396.6903991699219,
      "loss": 0.6888,
      "rewards/accuracies": 0.4000000059604645,
      "rewards/chosen": 0.00979605969041586,
      "rewards/confidence": 0.1132536381483078,
      "rewards/confidence_mean_diff": -0.1132536381483078,
      "rewards/confidence_moving_diff": -0.003537528682500124,
      "rewards/margins": 0.010310875251889229,
      "rewards/mix_margin": 0.004780211951583624,
      "rewards/real_percentage": 96.7741928100586,
      "rewards/rejected": -0.000514815968926996,
      "step": 10
    },
    {
      "epoch": 0.5925925925925926,
      "grad_norm": 8.962455749511719,
      "learning_rate": 4.845859908808074e-06,
      "logits/chosen": -0.1074504479765892,
      "logits/rejected": -0.05076561123132706,
      "logps/chosen": -392.8084411621094,
      "logps/rejected": -430.83746337890625,
      "loss": 0.6986,
      "rewards/accuracies": 0.4375,
      "rewards/chosen": 0.006444153375923634,
      "rewards/confidence": 0.1028708964586258,
      "rewards/confidence_mean_diff": -0.1028708964586258,
      "rewards/confidence_moving_diff": 0.00015662191435694695,
      "rewards/margins": -0.008617008104920387,
      "rewards/mix_margin": -0.004425122868269682,
      "rewards/real_percentage": 95.5,
      "rewards/rejected": 0.015061159618198872,
      "step": 20
    },
    {
      "epoch": 0.8888888888888888,
      "grad_norm": 5.350003242492676,
      "learning_rate": 4.4024469694024194e-06,
      "logits/chosen": -0.09145370870828629,
      "logits/rejected": -0.10173195600509644,
      "logps/chosen": -364.4605712890625,
      "logps/rejected": -373.3395690917969,
      "loss": 0.6885,
      "rewards/accuracies": 0.574999988079071,
      "rewards/chosen": 0.016816625371575356,
      "rewards/confidence": 0.09492434561252594,
      "rewards/confidence_mean_diff": -0.09492434561252594,
      "rewards/confidence_moving_diff": -0.00017791753634810448,
      "rewards/margins": 0.012875819578766823,
      "rewards/mix_margin": 0.006251180078834295,
      "rewards/real_percentage": 96.7249984741211,
      "rewards/rejected": 0.003940805327147245,
      "step": 30
    },
    {
      "epoch": 1.1851851851851851,
      "grad_norm": 6.921231269836426,
      "learning_rate": 3.7244393505155713e-06,
      "logits/chosen": -0.052944350987672806,
      "logits/rejected": -0.0824398323893547,
      "logps/chosen": -341.53045654296875,
      "logps/rejected": -443.58251953125,
      "loss": 0.6812,
      "rewards/accuracies": 0.6625000238418579,
      "rewards/chosen": 0.03256113454699516,
      "rewards/confidence": 0.1163928285241127,
      "rewards/confidence_mean_diff": -0.1163928285241127,
      "rewards/confidence_moving_diff": -0.0005878065712749958,
      "rewards/margins": 0.031258683651685715,
      "rewards/mix_margin": 0.014943134970963001,
      "rewards/real_percentage": 97.92500305175781,
      "rewards/rejected": 0.001302451710216701,
      "step": 40
    },
    {
      "epoch": 1.4814814814814814,
      "grad_norm": 7.050503730773926,
      "learning_rate": 2.8954435771107604e-06,
      "logits/chosen": -0.16528207063674927,
      "logits/rejected": -0.08961163461208344,
      "logps/chosen": -398.8855895996094,
      "logps/rejected": -388.90838623046875,
      "loss": 0.6664,
      "rewards/accuracies": 0.675000011920929,
      "rewards/chosen": 0.04676257446408272,
      "rewards/confidence": 0.19797706604003906,
      "rewards/confidence_mean_diff": -0.19797706604003906,
      "rewards/confidence_moving_diff": -0.0001597883237991482,
      "rewards/margins": 0.07251105457544327,
      "rewards/mix_margin": 0.036464761942625046,
      "rewards/real_percentage": 96.75,
      "rewards/rejected": -0.02574847638607025,
      "step": 50
    },
    {
      "epoch": 1.7777777777777777,
      "grad_norm": 6.320284843444824,
      "learning_rate": 2.017684836476258e-06,
      "logits/chosen": -0.13730597496032715,
      "logits/rejected": -0.18506453931331635,
      "logps/chosen": -389.33233642578125,
      "logps/rejected": -427.76519775390625,
      "loss": 0.6589,
      "rewards/accuracies": 0.7125000357627869,
      "rewards/chosen": 0.054639555513858795,
      "rewards/confidence": 0.18885132670402527,
      "rewards/confidence_mean_diff": -0.18885132670402527,
      "rewards/confidence_moving_diff": -0.0005211543175391853,
      "rewards/margins": 0.09044641256332397,
      "rewards/mix_margin": 0.044880468398332596,
      "rewards/real_percentage": 96.6500015258789,
      "rewards/rejected": -0.03580686077475548,
      "step": 60
    },
    {
      "epoch": 2.074074074074074,
      "grad_norm": 7.160806655883789,
      "learning_rate": 1.1994013784727948e-06,
      "logits/chosen": -0.017278430983424187,
      "logits/rejected": -0.08088655024766922,
      "logps/chosen": -373.7540283203125,
      "logps/rejected": -378.8797912597656,
      "loss": 0.65,
      "rewards/accuracies": 0.8125,
      "rewards/chosen": 0.0816863551735878,
      "rewards/confidence": 0.2684265077114105,
      "rewards/confidence_mean_diff": -0.2684265077114105,
      "rewards/confidence_moving_diff": -0.0009056759881787002,
      "rewards/margins": 0.11450250446796417,
      "rewards/mix_margin": 0.05696776136755943,
      "rewards/real_percentage": 96.70000457763672,
      "rewards/rejected": -0.03281615674495697,
      "step": 70
    },
    {
      "epoch": 2.3703703703703702,
      "grad_norm": 6.44674825668335,
      "learning_rate": 5.414974325703687e-07,
      "logits/chosen": -0.13530808687210083,
      "logits/rejected": -0.14136920869350433,
      "logps/chosen": -366.7159729003906,
      "logps/rejected": -415.2242126464844,
      "loss": 0.6489,
      "rewards/accuracies": 0.8125,
      "rewards/chosen": 0.09250511229038239,
      "rewards/confidence": 0.24634619057178497,
      "rewards/confidence_mean_diff": -0.24634619057178497,
      "rewards/confidence_moving_diff": 0.0005580138531513512,
      "rewards/margins": 0.11853315681219101,
      "rewards/mix_margin": 0.058922916650772095,
      "rewards/real_percentage": 96.7249984741211,
      "rewards/rejected": -0.026028066873550415,
      "step": 80
    },
    {
      "epoch": 2.6666666666666665,
      "grad_norm": 6.545150279998779,
      "learning_rate": 1.2510049814252302e-07,
      "logits/chosen": -0.07831765711307526,
      "logits/rejected": -0.081423819065094,
      "logps/chosen": -350.41192626953125,
      "logps/rejected": -401.3556823730469,
      "loss": 0.66,
      "rewards/accuracies": 0.7250000238418579,
      "rewards/chosen": 0.06360840052366257,
      "rewards/confidence": 0.22708187997341156,
      "rewards/confidence_mean_diff": -0.22708187997341156,
      "rewards/confidence_moving_diff": -0.0004939649370498955,
      "rewards/margins": 0.08846217393875122,
      "rewards/mix_margin": 0.043576907366514206,
      "rewards/real_percentage": 96.70000457763672,
      "rewards/rejected": -0.0248537790030241,
      "step": 90
    },
    {
      "epoch": 2.9333333333333336,
      "step": 99,
      "total_flos": 4.676941095292109e+16,
      "train_loss": 0.6682915639395666,
      "train_runtime": 630.1264,
      "train_samples_per_second": 1.285,
      "train_steps_per_second": 0.157
    }
  ],
  "logging_steps": 10,
  "max_steps": 99,
  "num_input_tokens_seen": 0,
  "num_train_epochs": 3,
  "save_steps": 500,
  "stateful_callbacks": {
    "TrainerControl": {
      "args": {
        "should_epoch_stop": false,
        "should_evaluate": false,