{
    "epoch": 2.9333333333333336,
    "eval_logits/chosen": -0.19284358620643616,
    "eval_logits/rejected": -0.10048603266477585,
    "eval_logps/chosen": -420.2550964355469,
    "eval_logps/rejected": -395.6365051269531,
    "eval_loss": 0.6720033884048462,
    "eval_rewards/accuracies": 0.6333333849906921,
    "eval_rewards/chosen": 0.03791259229183197,
    "eval_rewards/margins": 0.05678335577249527,
    "eval_rewards/mix_margin": 0.05678291618824005,
    "eval_rewards/rejected": -0.0188707634806633,
    "eval_runtime": 10.5795,
    "eval_samples_per_second": 2.836,
    "eval_steps_per_second": 2.836
}