{
  "best_metric": null,
  "best_model_checkpoint": null,
  "epoch": 2.9333333333333336,
  "eval_steps": 500,
  "global_step": 99,
  "is_hyper_param_search": false,
  "is_local_process_zero": true,
  "is_world_process_zero": true,
  "log_history": [
    {
      "epoch": 0.2962962962962963,
      "grad_norm": 7.966070175170898,
      "learning_rate": 5e-06,
      "logits/chosen": -0.08621799945831299,
      "logits/rejected": -0.139887273311615,
      "logps/chosen": -354.97247314453125,
      "logps/rejected": -396.5804748535156,
      "loss": 0.6934,
      "rewards/accuracies": 0.4124999940395355,
      "rewards/chosen": 0.01264735497534275,
      "rewards/confidence": 0.27231794595718384,
      "rewards/confidence_mean_diff": -0.27231794595718384,
      "rewards/confidence_moving_diff": -0.007585439365357161,
      "rewards/margins": 0.0021712665911763906,
      "rewards/mix_margin": 0.0021715194452553988,
      "rewards/real_percentage": 96.83870697021484,
      "rewards/rejected": 0.01047608908265829,
      "step": 10
    },
    {
      "epoch": 0.5925925925925926,
      "grad_norm": 8.706339836120605,
      "learning_rate": 4.845859908808074e-06,
      "logits/chosen": -0.1075291857123375,
      "logits/rejected": -0.050892848521471024,
      "logps/chosen": -392.81298828125,
      "logps/rejected": -431.0169982910156,
      "loss": 0.6896,
      "rewards/accuracies": 0.512499988079071,
      "rewards/chosen": 0.005984924267977476,
      "rewards/confidence": 0.19367556273937225,
      "rewards/confidence_mean_diff": -0.19367556273937225,
      "rewards/confidence_moving_diff": 0.0007011605775915086,
      "rewards/margins": 0.008875930681824684,
      "rewards/mix_margin": 0.008876020088791847,
      "rewards/real_percentage": 95.5250015258789,
      "rewards/rejected": -0.0028910075780004263,
      "step": 20
    },
    {
      "epoch": 0.8888888888888888,
      "grad_norm": 5.155240058898926,
      "learning_rate": 4.4024469694024194e-06,
      "logits/chosen": -0.09157513827085495,
      "logits/rejected": -0.10200440138578415,
      "logps/chosen": -364.373779296875,
      "logps/rejected": -373.4212341308594,
      "loss": 0.6817,
      "rewards/accuracies": 0.612500011920929,
      "rewards/chosen": 0.02549409680068493,
      "rewards/confidence": 0.23496268689632416,
      "rewards/confidence_mean_diff": -0.23496268689632416,
      "rewards/confidence_moving_diff": -0.0013455775333568454,
      "rewards/margins": 0.029719144105911255,
      "rewards/mix_margin": 0.029718628153204918,
      "rewards/real_percentage": 95.5,
      "rewards/rejected": -0.004225049167871475,
      "step": 30
    },
    {
      "epoch": 1.1851851851851851,
      "grad_norm": 6.82400369644165,
      "learning_rate": 3.7244393505155713e-06,
      "logits/chosen": -0.05255255848169327,
      "logits/rejected": -0.08230847120285034,
      "logps/chosen": -341.58123779296875,
      "logps/rejected": -443.59649658203125,
      "loss": 0.6827,
      "rewards/accuracies": 0.612500011920929,
      "rewards/chosen": 0.027481630444526672,
      "rewards/confidence": 0.2534049153327942,
      "rewards/confidence_mean_diff": -0.2534049153327942,
      "rewards/confidence_moving_diff": 0.00047485381946898997,
      "rewards/margins": 0.02758209779858589,
      "rewards/mix_margin": 0.027581458911299706,
      "rewards/real_percentage": 96.70000457763672,
      "rewards/rejected": -0.00010046735405921936,
      "step": 40
    },
    {
      "epoch": 1.4814814814814814,
      "grad_norm": 6.89725399017334,
      "learning_rate": 2.8954435771107604e-06,
      "logits/chosen": -0.16478779911994934,
      "logits/rejected": -0.08980419486761093,
      "logps/chosen": -398.8416442871094,
      "logps/rejected": -388.9861755371094,
      "loss": 0.6606,
      "rewards/accuracies": 0.75,
      "rewards/chosen": 0.051157739013433456,
      "rewards/confidence": 0.36952969431877136,
      "rewards/confidence_mean_diff": -0.36952969431877136,
      "rewards/confidence_moving_diff": -0.0009832766372710466,
      "rewards/margins": 0.08468082547187805,
      "rewards/mix_margin": 0.08468078821897507,
      "rewards/real_percentage": 95.45000457763672,
      "rewards/rejected": -0.03352309390902519,
      "step": 50
    },
    {
      "epoch": 1.7777777777777777,
      "grad_norm": 6.4543890953063965,
      "learning_rate": 2.017684836476258e-06,
      "logits/chosen": -0.1368209570646286,
      "logits/rejected": -0.1849464625120163,
      "logps/chosen": -389.2958679199219,
      "logps/rejected": -427.7555236816406,
      "loss": 0.658,
      "rewards/accuracies": 0.699999988079071,
      "rewards/chosen": 0.05828474834561348,
      "rewards/confidence": 0.3959848880767822,
      "rewards/confidence_mean_diff": -0.3959848880767822,
      "rewards/confidence_moving_diff": -0.0007596399518661201,
      "rewards/margins": 0.09312509745359421,
      "rewards/mix_margin": 0.09312557429075241,
      "rewards/real_percentage": 96.70000457763672,
      "rewards/rejected": -0.03484035283327103,
      "step": 60
    },
    {
      "epoch": 2.074074074074074,
      "grad_norm": 7.323726177215576,
      "learning_rate": 1.1994013784727948e-06,
      "logits/chosen": -0.017635218799114227,
      "logits/rejected": -0.08042146265506744,
      "logps/chosen": -373.8886413574219,
      "logps/rejected": -378.8605041503906,
      "loss": 0.6555,
      "rewards/accuracies": 0.7750000357627869,
      "rewards/chosen": 0.06822530180215836,
      "rewards/confidence": 0.48268556594848633,
      "rewards/confidence_mean_diff": -0.48268556594848633,
      "rewards/confidence_moving_diff": -0.0013923071091994643,
      "rewards/margins": 0.09911154955625534,
      "rewards/mix_margin": 0.09911184757947922,
      "rewards/real_percentage": 95.4749984741211,
      "rewards/rejected": -0.030886242166161537,
      "step": 70
    },
    {
      "epoch": 2.3703703703703702,
      "grad_norm": 6.032540798187256,
      "learning_rate": 5.414974325703687e-07,
      "logits/chosen": -0.1350332796573639,
      "logits/rejected": -0.14144057035446167,
      "logps/chosen": -366.6517028808594,
      "logps/rejected": -415.263916015625,
      "loss": 0.6457,
      "rewards/accuracies": 0.800000011920929,
      "rewards/chosen": 0.0989283099770546,
      "rewards/confidence": 0.5224151611328125,
      "rewards/confidence_mean_diff": -0.5224151611328125,
      "rewards/confidence_moving_diff": -0.0010379791492596269,
      "rewards/margins": 0.12892557680606842,
      "rewards/mix_margin": 0.12892580032348633,
      "rewards/real_percentage": 96.7249984741211,
      "rewards/rejected": -0.029997264966368675,
      "step": 80
    },
    {
      "epoch": 2.6666666666666665,
      "grad_norm": 6.49233341217041,
      "learning_rate": 1.2510049814252302e-07,
      "logits/chosen": -0.07823827117681503,
      "logits/rejected": -0.0809529572725296,
      "logps/chosen": -350.3938293457031,
      "logps/rejected": -401.5055236816406,
      "loss": 0.6542,
      "rewards/accuracies": 0.7875000238418579,
      "rewards/chosen": 0.065416119992733,
      "rewards/confidence": 0.49822694063186646,
      "rewards/confidence_mean_diff": -0.49822694063186646,
      "rewards/confidence_moving_diff": -0.0007950402796268463,
      "rewards/margins": 0.10525132715702057,
      "rewards/mix_margin": 0.10525157302618027,
      "rewards/real_percentage": 95.5,
      "rewards/rejected": -0.03983519971370697,
      "step": 90
    },
    {
      "epoch": 2.9333333333333336,
      "step": 99,
      "total_flos": 4.676941095292109e+16,
      "train_loss": 0.6663458949387676,
      "train_runtime": 629.5402,
      "train_samples_per_second": 1.287,
      "train_steps_per_second": 0.157
    }
  ],
  "logging_steps": 10,
  "max_steps": 99,
  "num_input_tokens_seen": 0,
  "num_train_epochs": 3,
  "save_steps": 500,
  "stateful_callbacks": {
    "TrainerControl": {
      "args": {
        "should_epoch_stop": false,
        "should_evaluate": false,