{
    "epoch": 2.9333333333333336,
    "total_flos": 4.676941095292109e+16,
    "train_loss": 0.6663458949387676,
    "train_runtime": 629.5402,
    "train_samples_per_second": 1.287,
    "train_steps_per_second": 0.157
}